Dish,Calories (kcal),Carbohydrates,Protein,Fat,Free Sugar (g),Fibre (g),Sodium,Calcium (mg),Iron (mg),Vitamin C (mg),Folate (µg)
Hot tea (Garam Chai),16.14,2.58,0.39,0.53,2.58,0.0,3.12,14.2,0.02,0.5,1.8
Instant coffee,23.16,3.65,0.64,0.75,3.62,0.0,4.92,20.87,0.06,1.51,5.6
Espreso coffee,51.54,6.62,1.75,2.14,6.53,0.0,13.98,58.1,0.15,1.51,5.53
Iced tea,10.34,2.7,0.03,0.01,2.7,0.0,0.23,1.18,0.02,5.95,1.28
Raw mango drink (Aam panna),35.92,9.05,0.16,0.03,7.49,0.61,79.82,7.08,0.14,45.3,14.05
Fruit Punch (with fresh juices),36.12,9.38,0.14,0.03,9.25,0.06,2.63,5.07,0.1,41.44,24.57
Fruit Punch (with squashes),23.13,5.99,0.07,0.02,5.88,0.17,2.26,3.3,0.06,15.08,9.13
Lemonade,20.8,5.48,0.03,0.01,5.47,0.02,28.52,1.84,0.05,5.27,2.11
Lem-o-gin,21.52,5.55,0.08,0.03,5.38,0.13,28.13,2.2,0.09,5.68,2.92
Coco pine cooler,32.75,5.72,0.56,1.0,5.52,0.26,23.2,17.81,0.13,10.67,12.64
Summer cooler,22.43,5.43,0.37,0.04,5.21,0.2,1.57,8.13,0.28,103.5,63.89
Hot cocoa,90.1,9.23,3.36,4.56,9.01,0.0,24.2,113.66,0.31,3.62,13.79
Cold coffee with ice cream,67.85,11.24,1.57,2.11,11.18,0.01,13.84,53.29,0.12,2.53,9.49
Banana milkshake (Kele milkshake),65.31,9.15,1.84,2.37,7.96,0.26,13.61,62.64,0.13,6.84,19.83
Mango milkshake (Aam milkshake),56.9,7.23,1.73,2.35,7.15,0.26,13.27,62.33,0.15,20.1,53.68
Pineapple milkshake (Ananas milkshake),55.72,7.62,1.66,2.23,7.6,0.0,14.05,59.92,0.11,10.22,17.45
Orange milkshake (Narangi milkshake),57.42,7.11,1.86,2.52,7.08,0.0,14.63,67.42,0.11,10.82,16.85
Egg nog,97.14,8.15,4.78,5.11,8.06,0.02,40.65,102.13,0.43,4.82,41.91
Sweet Lassi (Meethi lassi),35.66,6.51,1.29,0.68,6.51,0.0,18.31,45.65,0.03,1.0,18.0
Lassi (salted),18.84,1.86,1.35,0.72,1.84,0.02,65.4,47.78,0.04,1.02,18.07
Sesame toast,495.19,11.15,1.9,49.38,1.46,1.32,128.78,43.44,0.72,6.92,8.87
Cracked wheat porridge (Meetha daliya),81.57,8.87,2.64,4.08,5.12,0.62,15.89,75.88,0.32,5.03,17.58
Semolina porridge (Suji/Rava daliya),100.89,12.39,3.75,4.08,7.54,0.7,23.21,108.52,0.36,5.03,22.71
Oatmeal Porridge,72.85,8.77,2.6,3.22,5.2,0.39,16.14,76.83,0.28,5.03,23.98
Cornflakes with milk,117.33,14.95,3.59,5.12,9.97,0.78,26.55,106.47,0.42,4.82,43.87
Rice flakes (Chiwda/Aval),112.44,15.57,3.62,3.99,7.28,0.37,22.4,103.15,0.62,4.82,19.41
Wheat flakes,112.44,15.57,3.62,3.99,7.28,0.37,22.4,103.15,0.62,4.82,19.41
Murmura (Puffed rice),113.32,15.67,3.62,4.04,7.31,0.28,22.52,103.79,0.63,4.82,16.87
Puffed wheat (Murmure/Moori),113.32,15.67,3.62,4.04,7.31,0.28,22.52,103.79,0.63,4.82,16.87
Keema pancake,176.27,9.56,9.01,11.25,2.2,0.84,125.4,40.96,0.93,4.64,12.23
Vegetable pancake,125.18,12.24,3.87,6.57,2.09,2.48,116.69,42.89,0.79,20.63,28.57
Jam and fruit pancake,162.02,20.73,3.79,7.01,7.85,1.21,93.09,54.06,0.52,6.48,8.42
Khoa and coconut pancake,271.98,27.32,6.98,15.29,16.47,1.65,101.0,157.22,1.12,0.73,19.12
Brown stock,21.32,0.25,1.95,1.38,0.14,0.09,44.6,17.16,0.3,1.5,6.33
Vegetable stock,17.6,0.96,0.3,1.38,0.44,0.38,49.75,5.08,0.12,7.58,13.92
Chicken stock,29.88,0.37,3.69,1.51,0.2,0.1,58.58,3.57,0.18,0.84,10.19
Cold cucumber soup (Thanda kheere ka soup),48.03,4.58,2.99,1.99,3.34,0.88,121.32,99.79,0.32,5.05,27.42
Chapati/Roti,202.31,35.65,5.88,3.56,1.0,6.31,1.16,17.22,2.28,0.0,5.84
Plain parantha/paratha,298.3,30.69,5.06,16.86,0.86,5.43,62.07,14.81,1.98,0.0,7.79
Potato parantha/paratha (Aloo ka parantha/paratha),205.04,23.92,3.7,10.22,1.15,4.18,127.2,17.38,1.52,7.98,14.96
Radish parantha/paratha (Mooli ka parantha/paratha),183.52,20.54,3.3,9.53,1.31,4.32,127.03,23.75,1.39,8.44,20.74
Pea parantha/paratha (Matar ka parantha/paratha),190.73,21.51,5.59,8.8,1.29,5.61,109.99,23.49,1.78,17.8,33.64
Poori,737.63,8.22,1.35,77.61,0.23,1.46,31.73,3.98,0.6,0.0,4.68
Spinach poori (Palak poori),684.25,7.76,1.42,71.86,0.24,1.55,35.47,10.02,0.79,3.03,18.9
Methi poori,710.02,7.98,1.45,74.6,0.26,1.61,35.37,14.61,0.81,2.91,8.47
Dal stuffed poori,785.16,10.14,2.08,81.69,0.29,1.96,128.18,6.88,0.83,0.42,7.65
Potato stuffed poori (Aloo ki poori),776.74,9.4,1.52,81.35,0.26,1.64,69.86,5.57,0.7,1.39,5.63
Tandoori parantha/paratha,295.37,30.74,5.08,16.51,0.86,5.44,1.14,14.98,1.96,0.0,7.79
Boiled rice (Uble chawal),117.19,25.72,2.6,0.18,0.22,1.25,1.05,2.7,0.24,0.0,9.75
Paneer pulao,581.91,8.76,1.98,59.81,1.11,0.62,72.28,33.09,0.26,3.42,69.28
Sweet rice (Meethe chawal),215.41,42.59,2.1,4.57,24.8,1.13,3.2,11.38,0.34,0.21,10.65
Spanish rice,164.24,31.1,4.19,2.23,1.26,2.78,96.61,18.93,0.92,48.66,54.48
Spaghetti and cheese balls in tomato sauce,508.32,7.82,2.41,52.08,1.83,0.59,104.14,40.59,0.32,57.67,115.96
Bhatura,793.2,10.73,1.63,82.56,0.69,0.38,28.3,12.12,0.33,0.05,4.15
Idli,137.54,28.18,4.64,0.33,0.28,2.31,100.83,8.0,0.68,0.0,2.95
Whole moong (Moong ki dal),53.7,5.22,2.25,2.56,0.59,2.02,123.86,13.58,0.68,11.04,55.37
Whole masoor (Masoor ki dal),54.05,5.37,2.28,2.52,0.67,1.98,123.72,12.2,0.95,11.04,48.17
Whole moth (Moth ki dal),55.0,5.74,2.01,2.62,0.66,1.85,125.08,18.98,0.95,11.04,116.57
Whole urad (Urad ki dal),53.8,5.05,2.21,2.62,0.57,2.32,126.12,13.07,0.78,10.28,51.6
Besan kadhi with pakodies,403.35,3.56,1.64,42.59,0.88,0.81,60.8,24.53,0.38,4.17,77.03
Sprouted moong dal chat,32.47,6.01,1.35,0.32,1.57,1.35,87.07,16.54,0.88,38.78,43.12
Brinjal bhartha (Baingan ka bhartha),65.12,4.4,1.38,4.48,1.82,3.27,132.15,17.85,0.48,24.05,92.42
Pea kofta curry (Matar kofta curry),595.66,4.17,2.01,63.39,0.88,1.7,83.07,13.84,0.56,74.66,129.13
Spinach kofta curry (Palak kofta curry),571.78,3.56,1.09,61.49,0.82,0.92,104.51,29.31,0.83,64.05,250.89
Paneer kofta curry,670.91,3.27,2.39,72.06,1.98,0.4,121.72,59.49,0.34,17.06,97.75
Lotus stem kofta curry (Kamal kakdi kofta curry),633.56,5.01,0.96,67.76,0.88,1.01,108.61,19.31,0.65,38.6,57.76
Raw banana kofta curry (Kela kofta curry),627.27,3.4,0.62,67.98,2.3,0.59,88.4,9.23,0.28,23.63,46.68
Cauliflower kofta curry (Phoolgobhi kofta curry),641.1,2.62,1.04,69.62,0.83,1.0,93.65,12.26,0.4,53.98,89.51
Cabbage kofta curry (Pattagobhi kofta curry),639.81,2.87,0.98,69.4,0.89,0.9,92.85,15.46,0.34,43.56,90.4
Ghiya/Lauki Kofta Curry,638.71,2.71,0.89,69.4,0.82,0.83,91.43,11.64,0.33,21.87,87.12
Spinach paneer kofta curry (Palak paneer kofta curry),606.03,2.94,1.43,65.41,1.16,0.75,99.37,37.71,0.68,47.34,197.93
Vegetarian egg kofta curry,627.41,4.26,1.33,67.24,1.19,0.64,95.89,28.39,0.39,35.58,67.83
Baked vegetables,88.99,8.44,3.67,4.44,2.56,2.34,124.7,80.2,0.62,47.05,77.19
Cauliflower musallam (Phoolgobhi musallam),58.83,4.48,1.89,3.55,1.71,3.06,123.36,24.61,0.83,71.44,76.8
Baked vegetables with spinach ,77.79,6.93,3.22,4.03,2.09,2.33,122.85,78.63,1.16,78.95,223.29
Shepherd's pie (vegetarian),135.63,12.03,5.04,7.3,2.78,2.23,118.2,85.59,0.76,51.68,90.43
Baked brinjal in tomato sauce,38.63,4.13,1.58,1.62,2.2,2.34,79.66,26.24,0.32,68.38,103.99
Methi chaman,475.62,2.78,1.54,50.91,1.79,0.53,54.94,60.57,0.63,63.26,141.85
Jackfruit sabzi (Kathal ki sabzi),625.4,3.4,0.69,67.6,2.59,1.02,58.95,9.85,0.27,14.11,32.14
Avial,124.56,8.47,2.46,8.94,3.83,5.44,81.5,31.9,1.01,94.64,108.12
Chilli paneer,777.51,3.31,2.1,84.01,1.5,0.5,89.04,42.9,0.36,4.87,28.7
Paneer makhana korma,775.82,4.63,3.24,82.76,1.84,0.21,77.01,72.89,0.55,0.64,94.26
Spinach mutton (Palak mutton),80.32,3.45,5.74,4.71,1.42,2.23,121.1,96.88,2.38,88.11,391.34
Kashmiri mutton koftas (Gushtaba),97.42,3.04,6.33,6.77,2.13,0.62,130.11,52.53,0.85,3.22,22.46
Mutton yakhni,104.13,0.84,8.27,7.7,0.13,0.67,101.02,88.61,1.66,0.09,6.51
Chicken yakhni,99.0,0.78,10.66,6.1,0.12,0.62,97.38,28.24,0.93,0.09,13.24
Mutton do piaza,183.3,4.14,9.39,14.41,2.9,1.93,118.62,118.61,1.63,7.42,67.3
Mutton chops,663.64,1.48,4.03,71.31,0.42,0.17,51.03,36.18,0.64,3.75,16.68
Shammi kebab,685.69,3.54,4.52,72.61,0.31,1.05,54.27,13.11,0.75,1.64,20.55
Scotch egg,676.89,1.91,4.05,72.62,0.3,0.36,90.67,15.03,0.6,2.59,30.63
Chicken curry,129.22,3.38,11.79,7.57,1.79,1.41,108.0,27.29,0.87,16.79,38.7
Butter chicken,137.0,3.74,10.92,8.7,2.37,1.32,26.21,25.28,0.92,32.65,40.85
Chicken kebab,729.41,1.11,3.71,78.89,0.24,0.21,69.76,3.46,0.28,0.41,3.83
Fried chicken with tomato sauce (Fried chicken tamatar ki chutney kay saath),125.03,2.51,11.48,7.61,1.16,1.13,107.56,16.09,0.64,10.78,17.41
Fried fish and Chips (English Style) (Tali hui machli aur chips),651.75,2.77,3.36,69.69,0.17,0.29,72.73,6.56,0.26,22.16,31.65
Tomato fish,489.79,3.18,2.39,51.91,1.35,0.72,91.47,6.46,0.24,75.09,76.88
Tandoori fish,95.98,2.37,11.19,4.64,1.6,0.58,123.94,37.27,0.46,19.66,27.55
Russian salad,114.83,6.5,4.26,7.84,1.66,2.57,101.09,34.92,1.23,49.56,104.32
Deviled egg,98.56,2.23,4.97,7.72,0.82,1.15,117.29,36.84,1.51,18.42,48.39
Hawain salad,175.23,14.35,4.27,11.37,5.24,3.93,64.92,61.03,1.12,51.75,123.62
Mixed pulse and vegetable salad,83.12,13.96,4.74,0.84,1.36,2.96,127.78,51.63,2.13,23.82,105.59
Sprouted moong salad ,37.81,5.48,2.29,0.74,2.13,0.95,116.38,54.56,1.45,27.84,49.76
Tossed salad,62.96,4.95,1.02,4.22,1.56,2.15,77.5,32.37,0.86,85.7,99.67
Mixed vegetable salad with curd sauce,60.28,7.03,4.23,1.5,2.16,3.79,116.66,65.51,1.35,37.73,86.34
Potato salad (Aloo ka salaad),89.91,11.19,1.4,4.4,3.94,1.32,125.01,25.61,0.99,58.78,52.72
Waldroff salad,141.75,11.02,1.47,10.05,8.23,1.87,13.42,29.29,1.07,21.43,40.62
Coleslaw,76.71,5.59,1.24,5.32,3.62,2.34,29.87,37.0,0.63,22.99,41.98
Fruit salad (Phalon ka salaad),78.14,15.96,0.91,1.22,9.78,1.58,7.11,25.93,0.81,52.45,45.4
Boondi raita,687.72,3.96,2.19,73.83,1.88,0.46,99.18,49.0,0.24,0.77,37.83
Sweet raita (Meetha raita),99.24,17.93,3.24,1.78,15.36,1.02,42.98,108.91,0.21,5.2,24.9
Dahi vadas/Dahi bhalla,667.73,5.49,2.96,70.4,1.78,0.97,79.0,49.03,0.49,0.57,18.3
Gunjia,667.34,5.68,2.98,70.28,2.05,1.13,77.9,48.16,0.5,0.51,19.06
Rice kheer (Chawal ki kheer),75.03,10.05,2.3,2.97,8.02,0.17,16.24,75.57,0.17,5.06,19.54
Makhana kheer,107.85,12.88,3.31,5.0,11.54,0.11,23.4,111.64,0.28,5.06,23.77
Vermicelli kheer (Semiya/Seviyan ki kheer),120.07,15.87,3.35,5.0,12.79,0.5,22.52,104.8,0.3,4.06,16.29
Semolina kheer (Suji/Rava kheer),113.21,15.88,3.43,4.2,12.88,0.51,22.66,105.99,0.34,4.06,17.54
Paneer kheer,105.31,10.03,4.53,5.37,9.87,0.07,23.81,144.66,0.26,5.06,41.81
Cabbage kheer (Pattagobhi ki kheer),83.51,9.73,2.87,3.8,9.28,0.51,22.67,102.74,0.24,17.36,33.51
Carrot kheer (Gajar ki kheer),85.35,10.09,2.81,3.85,9.63,0.73,28.54,100.12,0.28,6.54,24.59
Cauliflower kheer (Phoolgobhi ki kheer),81.95,8.78,3.04,3.95,8.49,0.55,25.19,101.75,0.3,23.92,36.87
Moong dal kheer,77.16,9.89,2.95,2.97,7.92,0.4,16.34,75.66,0.28,5.06,32.3
Phirni,116.12,16.11,3.49,4.34,10.79,0.36,22.47,104.57,0.23,5.04,20.33
Semolina halwa (Suji ka halwa),225.65,24.67,2.16,13.38,13.98,1.86,1.28,11.77,0.65,0.05,7.96
Shahi suji halwa,382.34,44.44,3.48,21.73,27.21,2.96,2.18,18.64,0.98,0.02,7.46
Carrot halwa (Gajar ka halwa),172.64,18.53,3.11,9.73,16.85,2.65,39.96,106.94,0.76,6.53,44.8
Egg halwa (Ande ka halwa),299.74,39.59,7.85,13.41,37.85,0.49,83.04,35.77,1.45,0.0,24.67
Potato halwa (Aloo ka halwa),151.66,29.18,1.53,3.48,17.42,1.64,4.23,14.15,0.63,28.98,20.72
Pumpkin halwa (Kaddu ka halwa),190.27,27.6,1.33,8.81,26.64,2.97,8.09,24.34,0.63,8.08,27.9
Moong dal halwa,349.8,40.23,8.35,17.68,25.59,2.65,11.19,110.4,1.51,0.03,34.53
Caramel custard (steamed),121.58,15.02,4.97,4.87,14.98,0.0,43.57,88.12,0.51,3.02,35.21
Baked custard,106.53,9.45,5.41,5.3,9.42,0.0,47.13,95.32,0.54,3.02,35.21
Soft Custard (stirred),109.18,11.19,5.01,5.07,11.15,0.0,122.17,95.82,0.49,3.62,37.31
Chocolate ice cream,177.7,15.41,4.47,11.25,15.33,0.0,36.79,84.24,0.47,4.06,43.75
Mango ice cream,125.69,11.14,3.4,7.62,11.01,0.52,29.13,67.17,0.39,44.98,142.26
Fruit Ice cream (Phalon ka Ice cream),171.46,16.05,4.37,10.38,14.03,0.33,38.78,93.35,0.36,4.02,15.6
Caramel ice cream,173.52,14.81,4.31,11.15,14.52,0.08,33.47,87.32,0.35,3.27,25.96
Lemon souffle,168.51,13.43,6.95,10.02,11.67,0.0,50.73,59.81,0.56,12.9,32.11
Orange souffle,168.28,14.2,6.8,9.73,12.31,0.22,49.22,59.04,0.65,19.16,37.93
Vanilla souffle,187.85,14.78,7.71,11.19,12.86,0.0,56.73,70.6,0.58,1.3,30.71
Chocolate souffle,189.32,14.74,7.88,11.36,12.69,0.0,56.07,71.55,0.71,1.3,31.85
Pineapple souffle ,196.14,15.52,8.06,11.72,13.45,0.0,59.17,67.23,0.61,1.0,29.66
Apple mousse,106.92,12.77,4.21,4.27,10.56,1.6,28.79,33.76,0.48,14.48,35.22
Rich chocolate mousse,188.26,10.84,7.96,12.19,10.3,0.0,51.71,54.59,0.97,0.7,31.64
Mango mousse,124.98,9.14,3.21,8.47,8.89,0.88,19.62,51.38,0.35,42.76,110.68
Orange and pineapple cream,101.18,11.96,1.44,5.43,11.37,1.03,10.17,35.0,0.41,19.89,10.56
Charlotte rousse,188.29,34.08,3.95,4.78,20.48,1.01,56.45,34.95,0.53,25.28,28.72
Triffle pudding,116.97,18.24,2.93,3.93,13.89,0.12,26.95,48.72,0.47,19.31,28.71
Snow flakes pudding,95.21,8.07,4.67,4.97,8.01,0.03,39.6,101.33,0.42,5.47,42.48
Kulfi,98.43,11.3,3.21,4.7,10.39,0.12,23.97,111.86,0.2,5.04,18.69
Steamed orange pudding,278.03,41.53,2.34,12.04,26.53,0.58,79.1,21.15,0.55,21.74,15.92
Meringue and rice pudding,112.93,14.6,4.84,4.05,10.87,0.17,44.16,85.43,0.37,3.02,24.69
Cheese pudding,285.01,19.27,11.29,18.37,18.63,0.05,37.83,226.11,0.87,0.3,60.43
Bread and butter pudding ,167.94,19.63,5.59,7.88,11.84,0.98,96.3,105.54,0.9,1.58,21.41
Queen of pudding,132.92,16.35,5.51,5.38,11.77,0.27,85.59,78.26,0.53,8.11,46.64
Pineapple upside down pudding,257.73,35.73,3.15,11.91,22.16,0.8,74.52,26.05,0.68,9.66,15.44
Date and nut pie,322.42,46.86,3.93,13.31,31.18,4.13,3.87,34.69,1.54,6.39,32.22
Stewed apple with custard,92.87,18.36,1.27,1.82,15.46,1.01,16.66,49.24,0.18,5.6,10.2
Apple snowballs,101.51,24.58,0.86,0.31,19.4,1.25,12.8,9.43,0.18,4.46,4.64
Hot orange souffle,179.97,18.77,6.87,8.95,14.93,0.29,58.8,53.81,1.03,7.01,30.66
Hot chocolate souffle,226.09,26.21,6.7,11.1,22.88,0.12,54.11,60.19,1.08,0.9,30.6
Hot vanilla souffle,192.93,21.77,6.87,9.07,18.17,0.13,59.59,63.2,0.93,0.9,28.8
Plain burfi (Burfi),408.32,30.88,9.82,27.96,30.43,0.17,31.65,355.78,1.5,0.05,23.94
Coconut burfi (Nariyal ki burfi),467.64,32.15,8.81,34.63,31.5,3.5,27.63,272.81,1.82,0.0,26.6
Bottle gourd burfi (Ghiya/Lauki burfi),275.96,24.51,5.86,17.68,23.92,0.73,18.15,215.85,0.93,1.08,34.06
Chocolate burfi,339.33,33.15,13.0,17.86,32.38,0.0,39.32,466.48,2.12,0.0,23.85
Cashewnut burfi (Kaju burfi/Kaju katli),421.74,37.92,5.48,28.46,31.43,1.12,4.23,12.95,1.79,0.0,2.1
Gram flour burfi (Besan burfi),421.79,46.59,11.19,22.41,28.44,3.41,13.02,160.71,1.47,0.0,32.38
Semolina ladoo with khoya (Suji/Rava aur khoye ke ladoo ),428.71,52.86,6.71,21.86,33.28,4.68,14.4,106.42,1.73,0.03,7.1
Semolina ladoo with coconut (Suji/Rava aur nariyal ke ladoo ),464.43,50.9,5.68,27.03,27.32,6.69,9.06,26.72,1.83,0.05,5.21
Gram flour ladoo (Besan ladoo),476.91,62.61,8.93,22.76,37.76,4.43,5.48,25.35,1.51,0.0,24.79
Sesame ladoo (Til ke ladoo),396.96,43.5,10.7,19.64,38.63,7.72,18.55,631.82,8.94,0.0,18.17
Chenna murki,252.69,36.01,10.46,8.2,35.55,0.0,11.4,266.85,0.55,0.0,46.65
Milk cake,127.41,9.13,3.01,8.93,8.9,0.06,24.97,104.94,0.2,8.0,18.19
Ghujia/Lavang latika,768.98,13.0,1.86,78.93,6.08,0.52,3.28,31.01,0.44,0.01,6.86
Gulab Jamun with khoya,586.06,26.09,2.03,53.23,24.12,0.07,15.09,67.32,0.39,0.02,16.44
Mal pua,566.68,17.56,1.71,54.64,11.77,0.62,6.35,30.05,0.33,0.67,5.3
Shahi tukre,189.81,41.46,2.76,2.54,34.7,0.51,71.04,76.47,0.37,0.86,7.61
Potato pakora/pakoda (Aloo pakoda),677.19,6.04,1.9,71.84,0.22,1.03,63.38,6.59,0.38,18.53,109.12
Onion pakora/pakoda (Pyaaz ke pakode),674.61,5.41,1.9,71.84,0.88,1.11,63.55,7.95,0.36,5.36,119.81
Cauliflower pakora/pakoda (Phoolgobhi ke pakode),671.63,4.52,1.98,71.86,0.23,1.26,66.54,8.44,0.42,37.72,133.47
Mixed vegetable pakora/pakoda,673.81,5.12,1.94,71.86,0.38,1.13,65.35,9.55,0.46,21.46,143.18
Spinach pakora/pakoda (Palak pakoda),712.62,4.68,1.96,76.38,0.2,1.02,69.54,10.99,0.52,12.12,153.51
Methi pakora/pakoda (Methi ke pakode),713.25,4.68,2.06,76.39,0.25,1.18,69.83,23.07,0.69,23.31,126.81
Egg pakora/pakoda (Ande ke pakode),710.51,4.48,2.83,75.86,0.19,0.86,75.37,9.55,0.47,0.01,121.37
Bread pakora/pakoda,710.99,8.87,2.57,74.2,0.46,1.11,101.49,19.83,0.46,0.01,114.11
Paneer pakora/pakoda,718.12,5.52,3.27,76.05,1.08,0.89,131.7,43.38,0.43,0.07,143.43
Potato bonda (Aloo bonda),632.84,4.53,1.09,67.8,0.27,0.83,132.53,6.79,0.37,8.96,16.02
Potato samosa (Aloo ka samosa),577.39,9.21,1.71,59.19,0.29,1.19,77.1,7.63,0.5,11.27,12.8
Minced meat samosa (Keema ka samosa),620.99,6.14,4.43,64.26,0.5,0.39,88.64,6.7,0.55,0.82,4.62
Paneer and pea samosa (Paneer matar ka samosa),623.81,8.55,4.02,63.65,1.69,1.02,78.18,64.56,0.53,6.67,26.39
Mathri,805.12,12.32,1.75,83.1,0.29,0.6,64.7,5.23,0.43,0.0,2.38
Khasta kachori,712.73,12.81,2.51,72.27,0.34,0.97,90.56,7.84,0.59,0.86,6.38
Vegetable cutlet,665.45,4.68,1.25,71.33,0.35,0.93,85.38,13.55,0.4,16.89,30.52
Flattened rice cutlet (Chirwa cutlet/Chivda cutlet/Poha cutlet),701.71,7.39,1.76,73.89,0.27,0.86,76.65,9.17,0.59,12.63,23.98
Peanut cutlet (Mungfali ke cutlet),698.77,5.68,2.63,74.0,0.51,1.21,84.24,14.38,0.56,12.63,38.52
Fish cutlet (Machli ka cutlet),654.64,3.13,2.77,70.11,0.29,0.54,75.33,10.44,0.36,10.46,19.06
Paneer potato cutlet (Paneer aloo cutlet),672.94,5.23,2.47,71.4,1.02,0.41,85.71,45.36,0.38,11.61,41.52
Spinach chickpeas cutlet (Palak channa dal cutlet),688.03,4.93,1.44,73.6,0.16,0.93,79.13,11.3,0.57,16.18,49.07
Cheese toast,785.37,5.49,1.98,84.11,0.53,0.31,121.05,43.87,0.31,0.0,6.85
Vegetable seekh kebab,690.73,5.32,1.57,73.72,0.74,0.59,83.67,32.66,0.36,6.86,13.84
Masala vada,826.02,4.06,1.69,89.15,0.24,1.07,74.53,7.45,0.52,2.05,32.14
Peanut sago vada (Sabudana mungfali vada),749.89,7.14,1.01,79.82,0.19,0.62,71.29,5.03,0.38,9.74,15.66
Vegeterian scotch egg,681.67,4.64,2.16,72.77,0.23,0.58,93.33,15.2,0.46,12.53,32.4
Paneer shaslik/tikka,93.85,7.98,5.11,4.49,4.61,1.23,103.39,123.86,0.68,107.71,174.74
Peanut brittle (Moongfali ki chikki),320.46,47.46,6.94,11.13,43.92,2.63,15.99,68.03,3.22,0.0,7.48
Spring roll,623.87,8.56,1.81,64.63,0.6,0.67,132.84,9.51,0.49,4.59,9.59
Custard tart,225.6,28.66,3.72,10.73,9.31,0.91,59.74,57.47,0.49,1.18,5.64
Lemon tart,303.35,30.68,6.12,17.45,10.68,0.81,76.09,24.03,0.98,2.66,9.19
Jam tart,360.72,46.18,4.42,17.35,14.74,1.14,70.34,12.23,0.74,0.0,2.44
Orange cream tart,197.16,27.43,2.58,8.72,10.08,0.64,36.85,13.84,0.58,19.6,13.7
Pineapple tart,195.4,28.62,2.29,8.21,11.09,0.87,37.88,12.02,0.5,6.85,6.84
Cottage cheese pie,238.98,20.66,7.45,13.83,3.62,2.21,103.29,108.05,0.92,36.25,124.39
Minced meat pie,221.55,18.11,7.38,13.04,1.42,2.33,127.85,18.14,1.07,37.52,69.49
Apple cinnamon pie,258.73,33.68,3.35,12.21,11.95,1.77,60.14,16.14,0.65,2.24,11.58
Lemon meringue pie,224.43,35.11,3.88,8.16,21.17,0.44,85.12,16.79,0.67,5.1,17.48
Chocolate meringue pie,214.76,28.8,4.98,9.17,15.03,0.37,80.77,55.98,0.92,1.26,23.21
Cream puffs,221.33,16.0,4.7,15.48,5.94,0.38,98.76,37.93,0.58,0.2,8.79
Chocolate eclairs,239.42,26.22,4.24,13.5,17.34,0.33,85.88,34.21,0.68,0.4,18.34
Cheese balls,681.28,4.81,2.21,72.57,0.63,0.18,120.7,30.01,0.32,0.01,2.95
Hot potato souffle,125.64,8.56,5.51,7.64,1.78,0.66,97.2,56.84,0.79,30.19,78.05
Hot fish souffle,142.92,3.69,11.23,9.24,1.68,0.1,110.94,58.18,0.7,2.41,70.97
Hot spinach souffle,104.25,4.19,5.43,7.24,1.64,0.99,104.69,80.77,1.67,47.83,272.44
Apple cake (Seb ka cake),290.08,39.48,4.94,12.87,23.52,1.22,136.95,38.99,0.9,1.16,9.32
Marble cake,354.11,46.88,6.3,16.27,27.56,0.71,138.48,39.6,1.12,0.08,8.85
Orange cake,357.61,48.28,6.1,16.21,28.38,0.83,105.41,29.72,1.06,1.88,9.25
Banana cake (Kele ka cake),389.51,40.0,5.77,23.31,23.04,1.14,117.81,23.55,1.14,0.98,11.33
Christmas cake,372.95,48.29,5.49,16.88,27.45,1.49,64.84,40.98,1.32,8.51,17.06
Strawberry and vanilla cake with butter icing,370.54,44.25,3.89,20.39,32.43,0.79,107.27,28.17,0.7,8.4,12.8
Swiss roll,251.87,48.34,7.3,3.77,32.96,0.55,51.9,24.11,1.19,0.0,14.36
Pineapple pastry ,208.21,29.04,6.06,7.87,18.83,0.72,44.3,42.97,0.86,3.64,17.42
Black forest pastry,233.55,34.48,6.09,8.46,21.35,0.54,53.43,44.15,0.92,0.91,16.28
Coconut finger,274.86,42.56,7.09,8.86,28.55,1.87,46.86,24.04,1.31,0.0,15.88
Pineapple cake ,195.57,23.51,5.01,9.34,16.16,0.76,37.47,49.06,0.64,27.35,80.64
Sweet plain biscuit,380.76,50.29,5.86,17.67,21.77,1.07,132.59,42.88,0.92,0.03,1.7
Chocolate biscuit,379.76,51.56,5.88,17.09,24.16,1.01,127.02,41.51,1.14,0.03,1.81
Coconut biscuit (Nariyal ke biscuit),434.98,42.9,5.78,27.16,20.76,3.64,105.76,37.81,1.32,0.03,2.51
Pin wheel biscuit,404.6,54.56,5.4,18.66,23.25,1.16,131.73,42.7,1.13,0.05,1.72
Saffron biscuit (Kesar biscuit),458.61,59.7,6.05,22.01,22.42,1.9,5.65,25.71,1.23,0.01,1.1
Coffee biscuit,416.57,46.55,6.9,23.0,21.69,1.59,112.53,48.92,1.27,0.03,3.0
Melting moments,437.91,55.84,5.71,21.78,25.0,1.88,119.09,30.39,1.2,0.0,3.59
Ginger biscuit (Adarak ke biscuit),417.91,58.44,5.98,18.31,27.06,1.49,79.68,25.97,2.2,0.0,1.59
Soyabean muthias,839.33,3.7,2.46,90.45,0.17,1.47,78.25,12.16,0.6,0.79,22.43
Soyabean tikki,698.17,4.39,3.53,74.02,0.35,2.2,88.72,29.23,1.04,6.71,57.9
Soyabean namak paras,838.46,4.65,2.65,89.83,0.22,1.41,72.05,12.13,0.64,0.0,45.64
Peanut burfi (Moongfali ki burfi),550.99,48.14,9.31,36.84,43.08,4.09,6.78,25.2,1.45,0.0,7.57
Spinach peanut namak paras (Palak moongfali namak paras),740.16,6.62,1.65,78.51,0.28,0.81,73.15,13.35,0.67,11.39,64.2
Gram flour and semolina chilla/cheela/savory pancake (Besan suji chilla/cheela),758.89,7.63,2.08,80.04,0.25,1.39,74.88,12.13,0.67,3.8,34.83
Split bengal gram sweet rice (Channa dal sweet rice),190.21,41.07,4.15,0.64,19.41,2.23,8.38,30.37,1.77,0.0,48.48
Sweet poori (Meethi poori),782.75,14.26,2.12,79.63,7.15,1.54,2.57,34.24,1.13,0.0,18.38
Wheat flour and moong dal burfi (Atta aur moong dal ki burfi),441.08,60.0,9.84,18.41,31.12,6.02,5.25,25.2,2.3,0.0,9.07
Spinach burfi (Palak burfi),121.17,12.76,2.71,6.81,12.12,1.17,27.77,93.68,1.05,8.57,39.63
Sweet split chickpea roti (Sweet channa dal roti/Puranpoli),366.59,62.66,9.51,7.93,24.73,8.16,12.05,53.3,4.36,0.0,27.67
Pearl millet ladoo (Bajra ladoo),319.66,50.98,9.61,8.06,27.44,6.0,12.26,118.74,4.72,0.0,19.1
Paushtik ladoo,485.87,60.34,7.65,24.98,38.12,4.57,6.09,20.67,1.63,0.0,16.16
Semolina carrot vada (Suji gajar vada),699.53,6.52,1.56,74.07,1.21,1.07,73.17,26.47,0.36,0.95,9.36
Kashmiri tea (Kehwa),24.9,5.23,0.17,0.51,5.14,0.16,0.29,3.19,0.07,0.06,0.82
Steeped hot coffee,15.91,3.01,0.39,0.33,2.96,0.0,2.82,10.4,0.06,0.3,1.27
Hot chocolate,90.01,9.02,3.43,4.61,8.86,0.0,36.04,113.63,0.33,3.62,13.41
Cold coffee (with cream),82.76,11.98,1.93,3.29,11.91,0.0,15.35,64.43,0.14,2.56,9.52
Banana milkshake with ice cream (Kele ka milkshake ice cream ke saath),76.45,11.15,2.01,2.77,9.94,0.27,16.63,68.3,0.14,6.99,20.73
Flavoured milkshake,66.78,8.65,2.06,2.83,8.61,0.0,16.34,75.05,0.11,3.62,12.65
Gingo,48.02,12.42,0.14,0.06,12.08,0.17,21.5,6.33,0.21,8.39,8.49
Mintade,40.32,10.59,0.03,0.02,10.47,0.03,26.69,2.1,0.05,8.5,4.69
Canjee,6.61,0.44,0.24,0.42,0.21,0.36,43.03,5.82,0.17,0.52,3.61
Cauliflower canjee (Phoolgobhi ki canjee),6.9,0.35,0.39,0.42,0.09,0.49,41.45,6.26,0.22,7.86,9.26
Potato canjee (Aloo canjee),16.26,2.69,0.44,0.39,0.1,0.43,35.99,5.21,0.22,7.72,6.77
Vermicelli porridge (Semiya/Seviyan porridge),78.4,10.56,2.5,2.98,7.04,0.48,65.33,72.96,0.2,4.82,19.51
Semolina upma (Suji/Rava upma),147.89,16.31,3.3,7.49,1.31,3.24,101.59,21.57,1.1,4.64,15.13
Vermicelli upma (Semiya/Seviyan upma),149.11,16.88,3.11,7.45,1.4,3.21,101.8,20.3,0.93,4.64,12.64
Rice upma,151.27,17.96,2.63,7.46,1.13,2.12,101.75,17.57,0.67,4.64,11.94
Mixed stock,25.19,0.33,2.06,1.71,0.2,0.15,9.51,2.06,0.07,2.58,16.58
Meat stock,24.48,0.0,2.1,1.78,0.0,0.0,8.62,0.86,0.05,0.0,6.0
White stock,6.99,0.4,0.07,0.56,0.24,0.17,1.56,1.58,0.03,2.58,10.58
Chicken stew,127.55,4.44,7.19,8.91,1.43,1.82,79.62,31.53,0.9,20.89,36.31
Veg paneer stew,145.55,10.22,6.98,8.41,4.85,3.08,73.15,160.51,1.37,32.41,102.72
Methi parantha/paratha,148.36,22.19,4.27,4.34,2.44,5.09,48.36,65.85,2.42,12.63,28.46
Bathua poori,598.79,13.85,2.35,59.14,0.41,1.87,49.71,30.83,0.96,4.56,8.77
Gram flour poori (Besan poori),697.66,10.93,2.59,71.51,0.35,1.94,58.33,7.09,0.71,0.0,11.18
Beetroot poori (Chukandar ki poori),527.66,12.29,1.91,52.18,0.54,1.4,46.48,5.38,0.6,0.29,9.45
Peas poori (Matar ki poori),592.83,14.92,3.04,57.69,0.48,2.25,47.77,8.96,0.84,4.61,10.21
Peas kachori (Matar kachori),584.68,13.25,3.21,57.51,0.5,2.03,55.45,14.25,0.77,10.11,16.43
Eggplant/Brinjal rice (Vangi bhat),184.8,31.74,5.28,3.67,4.36,4.44,59.06,36.02,1.91,3.23,77.11
Kashmiri 'tahar',98.21,19.11,1.95,1.37,0.17,0.98,61.29,3.93,0.32,0.02,7.94
Peas pulao (Matar pulao),108.87,18.42,3.89,1.9,1.3,3.21,86.18,18.18,0.78,62.36,110.56
Split bengal gram dal and vegetable pulao (Channa dal and vegetable pulao),116.53,19.72,3.6,2.3,1.59,3.16,98.07,19.09,0.82,27.07,104.21
Black channa pulao/ Bengal gram pulao (Kale chane ka pulao),125.51,21.55,3.44,2.58,1.99,2.69,103.09,16.51,0.77,8.11,88.34
Mexican rice,120.57,14.21,4.62,4.88,1.44,1.64,93.42,14.51,0.55,42.71,53.09
Plain khitchdi (Plain khichri/khichdi),57.03,10.04,1.72,1.01,0.12,0.85,37.14,5.05,0.31,0.83,26.18
Masala dosa mixed vegetable fillings,144.53,23.02,4.84,3.26,1.53,4.31,122.08,31.79,1.21,52.07,89.33
Appam,267.7,13.28,3.12,22.63,4.16,6.19,26.59,6.36,0.83,2.57,27.59
Lasagne with meat sauce,63.38,5.38,2.9,3.43,1.04,0.47,37.08,24.61,0.49,80.17,112.65
Lasagne with vegetables,49.23,5.9,1.71,2.16,1.37,0.66,40.78,32.89,0.57,179.9,286.76
Sour lentils (Khatti dal),34.79,6.04,2.22,0.12,1.25,1.22,115.6,8.29,0.85,1.88,22.49
Urad special dehusked,69.43,8.86,3.14,2.17,1.32,2.5,109.56,16.4,0.83,17.4,54.46
Arhar with spinach (Arhar dal aur palak),52.84,4.77,2.05,2.76,0.23,1.3,109.97,21.81,0.89,18.79,105.9
Moong dal with vadi,24.08,1.0,0.4,2.05,0.45,0.39,112.36,2.99,0.18,10.19,11.52
Rasam with tamarind (Puli rasam/ Chintapandu rasam/ Charu/Saaru),26.74,3.37,1.13,0.88,0.83,1.6,104.11,16.56,0.59,17.27,28.68
Rasam with lemon (Nimmakaya rasam/Nimmakaya charu/Elumichai rasam/Nimbe hannina saaru),24.41,2.85,1.11,0.87,0.44,1.54,102.77,15.56,0.52,19.71,28.91
Urad sabut special,79.39,5.03,2.33,5.46,0.86,2.15,60.09,21.45,0.71,28.45,80.51
Kabuli channa curry,68.57,7.63,2.92,3.06,1.24,1.12,122.05,32.03,0.95,16.22,93.09
Dry masala chops,135.07,3.3,9.08,9.54,2.27,0.86,83.47,112.25,1.39,1.87,15.19
Mutton korma,115.64,2.53,7.09,8.54,1.64,0.78,56.94,79.07,1.09,5.54,31.82
Shahi keema kofta curry,418.13,1.73,4.14,43.83,0.78,0.91,104.53,14.51,0.67,20.97,34.57
Boti kebab,132.86,3.06,9.22,9.27,2.09,0.76,78.14,98.67,1.41,4.52,6.58
Mutton seekh kebab,133.94,3.11,11.25,8.43,1.4,1.88,102.17,117.44,2.19,3.97,5.3
Indian lamb and egg curry (Nargisi kofta),335.75,2.07,3.84,34.7,0.75,0.6,57.44,12.91,0.55,7.67,44.36
Mushroom matar,70.77,5.33,2.79,4.11,1.39,3.13,61.63,21.42,0.81,39.15,54.07
Soya chunks and peas (Nutrinugget matar),82.62,5.82,3.03,5.11,1.64,2.86,70.97,20.32,0.99,39.15,52.1
Vegetable yakhni,406.06,1.94,1.18,43.8,1.44,0.61,38.05,43.67,0.24,5.43,60.84
Spinach mushroom (Palak mushroom),47.63,2.95,1.94,2.96,1.0,2.27,70.97,49.75,1.69,60.21,232.9
Vegetarian nargisi kofta curry,332.15,6.58,2.29,32.94,1.65,0.86,73.56,47.09,0.38,27.25,57.94
Roast chicken,199.9,0.1,20.49,13.06,0.05,0.03,71.71,13.61,0.79,0.3,13.16
Tomato chicken,111.68,2.13,10.57,6.71,0.93,1.42,104.83,21.24,0.87,24.53,24.19
Creamy chicken,152.87,3.13,13.52,9.57,2.11,0.69,97.08,50.37,0.82,7.46,32.64
Broccoli chicken ala king,119.56,5.34,7.97,7.57,2.49,1.92,104.01,73.36,0.78,79.81,105.46
Chicken korma,147.96,5.43,9.83,9.67,3.32,1.82,119.21,68.66,1.06,10.02,58.86
Bengal fish curry (Bengali machli curry),109.43,4.42,7.26,7.03,2.39,1.93,76.38,44.44,0.85,9.39,46.45
Fish finger,542.9,4.47,5.66,55.82,0.17,0.34,103.55,11.38,0.38,14.13,34.81
Fish in coconut milk (Nariyal ke doodh ke saath machli),86.21,2.73,8.66,4.43,1.55,1.52,73.93,21.94,0.91,10.71,38.0
Baked stuffed fish,121.96,2.12,16.14,5.43,0.35,0.38,74.36,18.8,0.35,13.01,67.06
Fish pie,120.9,7.74,9.25,5.77,1.13,0.76,101.8,36.15,0.46,27.02,37.04
Fish souffle,139.71,5.14,10.51,8.55,2.09,0.19,92.45,63.87,0.59,2.41,45.24
Potato curry (Aloo ki sabzi),89.56,10.42,1.52,4.47,1.58,2.42,78.4,23.74,0.97,42.18,35.58
Vegetable curry with coconut ,83.07,7.19,2.77,4.66,1.41,3.35,43.4,19.63,0.95,69.6,87.67
Curd with potatoes (Dahi aloo),59.9,7.15,1.56,2.72,1.82,1.19,51.99,36.36,0.47,42.93,44.72
Potato kofta curry (Aloo kofta curry),455.4,2.78,0.56,49.08,0.63,0.56,30.12,7.77,0.26,46.64,48.57
Yam kofta curry (Zimikand/Suran kofta curry),322.88,3.75,0.71,33.84,0.63,1.04,42.22,8.35,0.31,36.07,43.47
Jackfruit kofta curry (Kathal ka kofta curry),321.08,3.17,0.8,33.83,2.4,0.96,40.04,11.36,0.24,27.49,63.24
Spinach and potato (Palak aloo),57.17,5.91,1.63,2.82,0.93,2.04,62.46,43.67,1.59,78.73,242.0
Mooli bhujia,91.2,4.74,1.69,7.25,1.07,2.36,89.73,131.88,2.37,80.77,75.87
Bathua bhujia,90.9,3.63,2.26,7.29,1.08,3.8,81.99,165.84,2.36,66.6,71.68
Cabbage rolls (dry) ((Pattagobhi rolls) (dry)),142.48,6.09,8.21,9.36,1.26,1.84,118.05,31.54,0.98,12.69,19.01
Cabbage rolls (curry) ((Pattagobhi rolls)(curry)),124.63,7.03,5.76,8.17,3.81,2.35,123.98,29.82,0.95,26.91,34.04
Dry arbi (Sookhi arbi),134.95,11.11,2.12,8.97,1.55,2.47,81.25,22.77,0.68,8.11,32.76
Peas brinjal bhartha (Matar baingan bhartha),84.55,5.02,2.05,6.05,1.57,3.63,63.65,19.63,0.63,27.86,82.49
Okra/Lady's fingers fry (Bhindi sabzi/sabji/subji),110.81,4.5,1.83,9.27,1.42,3.57,92.78,67.88,0.88,29.07,85.27
Crispy okra/Crispy lady's fingers (Karare bhindi),657.76,4.35,1.91,70.4,0.26,1.75,40.42,27.61,0.56,18.14,90.04
Beans foogath,105.06,3.26,2.03,9.22,1.7,4.15,81.22,44.2,0.95,6.36,86.05
Jackfruit/Kathal (dry),488.97,4.56,0.93,51.78,3.55,1.33,33.68,12.79,0.33,21.72,55.34
Yam fried (Zimikand/Suran fried),491.76,5.47,0.79,51.79,0.8,1.44,37.07,8.11,0.43,30.3,35.57
"Cauliflower, pea and potato bhujia (Phoolgobhi, matar aur aloo bhujia)",95.67,8.23,2.75,5.54,1.47,3.26,86.29,21.05,0.98,53.51,60.04
Vegetable jalfrezi,68.48,5.43,1.4,4.38,1.79,2.97,79.46,27.11,0.68,26.08,28.48
Vegetables stir fry ,30.78,3.19,1.04,1.47,0.86,1.37,55.0,13.3,0.34,38.17,61.93
Broccoli delight,40.7,2.34,2.49,2.48,1.08,2.83,59.26,26.99,0.71,79.0,97.64
Dhansak (vegetarian),82.8,7.28,3.32,4.18,0.91,4.17,34.18,26.4,1.26,13.25,45.12
Stuffed bottle gourd (Stuffed ghiya/lauki),93.19,4.36,5.84,5.8,1.52,1.18,106.99,71.83,0.66,9.01,92.91
Ducheese potato,140.54,10.94,3.6,9.01,0.29,1.29,103.85,18.1,0.76,7.23,8.71
Roast potatoes ,87.32,14.52,1.53,2.35,0.33,1.71,90.67,10.38,0.57,17.36,11.66
Stuffed baked potatoes ,100.2,11.03,3.82,4.39,0.4,1.31,92.09,25.72,0.81,18.77,23.25
Parsley potato,119.51,13.81,1.49,6.28,0.34,1.59,4.62,11.43,0.55,23.82,16.5
Creamed spinach and mushroom,419.62,3.17,2.28,44.14,1.17,1.02,90.21,65.49,0.9,48.37,234.02
Fricassee of Mushroom,106.66,8.13,3.65,6.63,2.51,1.23,118.98,84.97,0.36,39.68,37.46
Vegetable and cheese pie,126.88,8.76,4.03,8.28,2.69,1.91,117.99,99.48,0.58,55.0,104.25
Beetroot and egg salad (Chukandar aur ande ka salad),84.92,3.4,3.36,6.45,1.97,0.55,110.12,18.13,0.55,6.0,41.14
Sour cream potato salad,121.9,9.05,2.89,8.13,0.84,1.21,102.66,23.25,0.9,37.28,52.99
Tossed green salad,49.88,3.82,1.33,3.24,1.9,1.33,65.09,33.71,1.27,58.24,75.97
Spring basket salad,160.46,11.61,3.36,11.3,1.46,3.09,26.02,45.65,0.85,70.79,109.53
Chicken and tomato towers,100.55,2.36,6.9,6.99,1.21,1.14,76.02,17.54,0.77,56.69,49.49
Jellied sunshine fruit salad,48.86,4.21,5.85,0.85,2.86,1.8,74.2,37.14,0.87,28.75,37.7
Tomato aspic,50.37,5.02,6.87,0.26,3.21,1.58,98.17,44.28,1.18,35.87,39.01
Frozen frosty fruit salad (Phalon ka salaad),103.51,15.61,1.68,4.17,14.38,0.26,13.23,28.61,0.41,33.45,20.91
Pumpkin raita (Kaddu ka raita),55.6,6.02,3.74,1.88,5.48,1.04,129.14,130.11,0.33,7.11,31.7
Spinach raita (Palak ka raita),52.75,5.06,3.95,1.86,3.97,1.39,126.57,142.96,1.61,32.9,160.65
Bathua raita,54.4,5.31,4.13,1.76,4.11,2.19,110.92,206.31,1.46,43.65,61.2
Pineapple raita (Ananas ka raita),67.74,8.62,3.9,2.02,8.12,1.39,135.48,134.53,0.27,19.89,27.72
Banana raita (Kele ka raita),89.03,13.51,4.13,2.07,10.11,1.0,135.43,133.23,0.31,5.73,27.58
Mango raita (Aam ka raita),67.37,8.23,3.9,2.14,7.87,0.89,135.46,136.06,0.34,18.19,59.64
Guava raita (Amarood ka raita),64.36,7.27,4.19,2.07,6.71,3.0,135.94,136.93,0.28,108.7,33.5
Grapes raita (Angoor ka raita),72.59,9.66,3.98,2.07,8.51,0.71,135.64,134.52,0.26,10.55,22.88
Bottle gourd kheer (Ghiya/Lauki kheer),84.07,10.0,2.7,3.86,9.63,0.55,19.62,94.18,0.23,6.2,35.87
Pumpkin kheer (Kaddu ki kheer),86.35,10.44,2.76,3.86,10.12,0.63,20.99,95.61,0.24,8.06,26.95
Apple kheer (Seb ki kheer),81.3,11.34,2.14,3.18,10.71,0.51,15.86,75.67,0.18,5.82,16.4
Caramel custard (baked),122.7,14.95,5.11,5.01,14.92,0.0,44.78,90.59,0.53,3.02,35.21
Vanilla ice cream without egg,228.67,14.21,2.69,18.15,13.45,0.0,23.97,81.27,0.1,2.13,9.67
Vanilla ice cream with egg,214.85,11.71,4.16,17.02,11.69,0.0,37.72,77.42,0.34,2.13,21.98
Strawberry ice cream,215.61,12.26,4.15,16.96,11.6,0.0,37.62,77.08,0.34,2.13,22.0
Chocochip ice cream,241.45,16.75,4.23,17.93,16.08,0.0,34.84,73.22,0.51,2.13,24.1
Choconut ice cream,273.96,23.13,5.04,18.49,21.02,0.51,29.83,67.38,0.89,2.17,29.32
Pear chocholate sunday,183.49,15.02,2.08,13.11,14.41,0.07,16.26,56.67,0.24,3.34,12.72
Chocolate sauce,263.2,43.21,1.91,10.39,42.06,0.0,2.8,18.8,1.13,0.0,0.63
Coffee ice cream,150.62,14.09,3.15,9.43,13.35,0.0,42.09,95.72,0.15,2.16,7.18
Coffee pear alaska,203.99,19.36,2.88,13.22,16.88,0.15,51.11,60.61,0.22,3.48,13.85
Crunchy butterscotch,277.32,19.92,3.11,20.99,17.73,0.47,22.24,72.26,0.26,2.13,18.72
Peach melba ice cream,200.85,16.31,2.06,14.51,13.35,0.06,17.92,60.55,0.11,2.99,11.79
Vanilla ice cream with apples in hot cherry sauce,196.32,22.75,1.73,11.45,14.19,0.26,31.54,56.34,0.16,4.23,10.77
Grape and orange whip,57.39,6.72,1.41,2.62,5.66,0.97,14.36,17.4,0.53,34.86,16.85
Honey banana cream,125.49,13.64,2.78,6.68,10.51,0.7,15.65,43.52,0.23,16.68,28.45
Raspberry bavarian cream,150.1,17.82,3.34,7.88,15.3,2.19,24.59,26.4,0.31,21.41,20.79
Fruit delight,107.09,9.11,2.09,7.09,9.03,0.09,17.27,71.69,0.15,7.74,19.39
Creamy chocolate mousse,230.52,9.53,6.85,18.16,8.99,0.0,48.64,45.25,0.96,0.75,33.07
Cold lemon souffle,169.87,15.62,5.89,9.78,13.88,0.0,46.35,55.03,0.53,8.65,31.24
Cold orange souffle,173.19,16.27,5.94,9.82,14.42,0.11,46.53,55.45,0.57,10.08,33.8
Cold pineapple souffle,181.22,16.85,6.23,10.39,14.99,0.0,49.38,57.13,0.54,1.88,30.3
Cold vanilla souffle,179.54,16.29,6.22,10.32,14.49,0.0,49.09,62.47,0.52,1.3,30.71
Cold chocolate souffle,187.53,17.22,6.37,10.86,15.31,0.0,47.77,62.91,0.68,1.3,32.45
Stewed fruit (with pear),74.32,18.22,0.25,0.32,17.67,2.84,1.7,5.94,0.21,2.48,4.33
Apricot fool,240.79,33.64,1.54,11.35,21.29,1.0,8.28,26.37,0.73,1.47,11.46
Pavlova,200.6,21.84,1.84,12.29,20.37,0.06,26.34,23.0,0.25,23.78,19.18
Apple crumb pudding,220.85,35.17,1.54,8.87,27.69,1.33,59.36,38.49,1.05,3.6,7.86
Steamed cake with chocolate sauce,301.91,29.06,4.49,19.01,19.72,0.29,100.32,67.76,0.85,1.81,25.81
Hot lemon souffle,155.25,16.31,5.29,7.93,12.07,0.14,47.75,48.77,0.55,12.93,20.7
Gulab jamun with milk powder,471.15,28.24,0.85,40.15,27.04,0.05,67.28,26.13,0.13,0.41,4.56
Chum chum,130.05,28.27,1.52,1.92,27.84,0.02,16.65,62.58,0.13,2.69,10.2
Dil bahar,130.05,28.27,1.52,1.92,27.84,0.02,16.65,62.58,0.13,2.69,10.2
Rasbhari,130.05,28.27,1.52,1.92,27.84,0.02,16.65,62.58,0.13,2.69,10.2
Rajbogh,133.7,28.16,1.71,2.28,27.66,0.11,16.57,63.23,0.17,2.69,12.02
Rasgulla,118.64,25.79,1.38,1.75,25.4,0.01,15.19,57.09,0.12,2.69,10.2
Rasmalai,135.55,29.17,1.61,2.11,28.71,0.07,16.46,62.31,0.15,2.69,11.29
Khoa coconut burfi,411.45,36.55,9.98,26.01,35.6,4.07,31.14,309.84,2.1,0.0,26.6
Danedar burfi,102.68,12.33,3.24,4.72,11.98,0.09,23.31,107.53,0.24,3.36,9.75
Semolina burfi (Suji/Rava burfi),348.67,47.1,3.47,16.86,28.67,2.8,8.33,14.86,1.01,0.0,3.21
Pumpkin coconut burfi (Kaddu aur nariyal ki burfi),186.18,17.02,1.75,12.66,16.11,4.29,8.95,21.76,0.79,3.02,11.48
Khoa ladoo,396.02,34.43,12.21,24.09,33.37,3.08,31.71,358.61,2.25,0.02,27.31
Wheat and gram flour ladoo (Atta besan ladoo),501.7,50.5,9.38,29.86,18.46,6.01,27.06,35.27,2.39,0.0,14.55
Semolina ladoo with nuts (Suji/Rava ladoo with nuts),441.84,48.02,5.44,25.45,19.79,4.27,3.93,18.04,1.81,0.03,4.01
Sesame chickpeas brittle (Til aur channe ki chikki),282.74,50.49,8.5,4.66,36.48,5.54,17.93,150.73,4.8,0.0,23.64
Murmura chikki,253.82,59.59,2.12,0.32,48.27,0.37,15.03,63.3,3.3,0.0,2.16
Masala onion pakora/pakoda (Pyaaz ke pakode),551.64,6.48,2.05,57.61,1.58,1.44,99.22,11.06,0.42,1.18,14.65
Masala green chilli pakora/pakoda (Hari mirch kay pakode),668.76,5.55,2.22,71.01,0.27,1.34,120.9,8.58,0.47,3.84,12.67
Chicken pakora/pakoda,590.09,4.55,6.03,60.98,0.22,0.96,103.23,9.08,0.51,0.14,11.46
Fish pakora/pakoda,577.03,4.55,5.97,59.52,0.22,0.96,112.24,12.65,0.63,0.14,11.02
Paneer cutlet,672.2,7.62,4.59,69.38,2.52,0.39,91.45,107.86,0.48,1.81,38.34
Sago cutlet/vadas (Sabudana cutlet/vadas),558.76,11.23,0.56,56.97,0.1,0.54,48.17,5.43,0.38,13.39,9.09
Poshtik cutlet,496.45,7.39,2.0,50.94,0.32,1.35,57.11,14.94,0.69,16.42,43.66
Egg cutlet (Anda cutlet),575.02,5.77,2.45,60.25,0.2,0.58,79.4,16.22,0.56,11.07,22.05
Minced meat cutlet,531.86,5.61,5.1,54.47,0.31,0.4,95.81,20.82,0.63,1.81,8.86
Vegetable samosa,443.11,13.22,2.21,42.22,0.74,1.52,107.7,10.37,0.6,10.06,12.39
Plain urad dal vada (Uzunne vada/Minapa garelu/Ulundu vadai/Medu vada),745.5,9.7,4.39,76.32,0.16,2.27,65.87,10.6,0.96,0.0,13.31
Masala urad dal vada,703.78,9.93,4.32,71.62,0.7,2.71,61.49,11.87,1.0,2.05,15.89
Khaman (dhokla),54.73,5.36,1.92,2.8,1.36,1.49,124.1,5.31,0.58,2.6,19.33
Curd vegetable dip,56.21,6.04,3.88,1.94,5.42,0.63,132.48,129.58,0.37,4.53,5.78
Mayonnaise vegetable dip,241.27,4.8,3.01,23.44,4.39,0.41,119.58,91.42,0.28,4.58,7.03
Chocolate sponge cake,239.86,39.54,9.13,5.51,25.0,0.52,61.47,33.99,1.81,0.0,19.87
Chocolate swiss roll,306.08,26.97,6.01,19.76,18.83,0.29,44.53,42.79,1.08,0.19,8.91
Lemon curd filling,225.62,26.41,3.43,12.58,26.13,0.0,34.9,16.39,0.6,0.64,3.21
Jam filling,184.62,46.15,0.0,0.0,41.54,0.0,0.0,0.0,0.0,0.0,0.0
Chocolate pastry,243.37,32.24,7.05,10.12,22.34,0.32,46.54,50.7,1.44,0.25,17.22
Assorted pastry,230.74,31.99,6.78,8.91,19.7,0.43,49.99,47.2,0.94,0.25,15.61
Orange gateau,178.05,27.01,4.78,6.02,18.33,0.68,80.41,41.69,0.89,10.49,15.12
Black forest gateau,217.82,30.57,5.94,8.58,21.97,0.28,79.37,46.79,1.09,143.5,10.98
Chocolate glace icing,436.29,62.43,3.22,20.8,59.88,0.0,8.66,26.75,2.04,0.0,1.52
Butter icing,500.72,71.64,0.19,25.37,71.64,0.0,5.98,12.48,0.14,0.0,0.0
Chocolate butter icing,469.59,61.72,3.21,24.77,59.82,0.0,4.99,31.87,1.85,0.0,1.22
Coffee drops,443.07,43.06,7.57,27.16,18.27,1.88,88.17,57.09,1.48,0.03,2.72
Christmas biscuit,406.07,60.97,5.67,15.88,26.01,2.17,127.36,29.07,1.2,0.0,2.42
Christmas wreath biscuit,386.05,58.07,5.43,15.01,24.89,2.28,120.2,29.71,1.21,2.28,2.53
Christmas bell biscuit,404.85,60.79,5.66,15.84,25.94,2.33,127.01,32.0,1.22,0.0,2.42
Christmas star biscuit,392.03,74.54,3.54,10.04,53.05,1.47,76.09,22.75,0.96,0.01,2.69
Christmas tree biscuit,385.63,58.41,5.43,15.0,24.77,2.65,120.45,35.04,1.18,1.61,2.58
Chocolate cream shells,427.17,59.26,5.1,19.34,34.72,0.9,126.84,28.53,1.08,0.0,2.42
Jelly biscuit,404.61,55.24,4.23,19.33,29.76,2.02,110.57,36.46,1.19,0.03,1.69
Cherry and walnut cookies,422.6,59.35,5.63,18.75,30.37,1.3,114.62,46.27,1.31,0.0,2.49
Fruit flan,261.35,34.71,3.3,12.48,9.52,0.71,110.04,19.28,0.61,3.3,33.99
Orange cream flan,280.28,36.16,4.73,13.59,25.27,0.63,82.41,27.9,0.93,43.79,76.78
Fruit puree tart,286.5,30.42,3.35,16.83,9.79,1.31,49.65,19.64,0.63,2.6,6.05
Lemon chiffon pie,259.31,27.63,4.88,14.52,11.39,0.66,94.95,34.43,0.61,7.18,51.7
Orange chiffon pie,207.57,23.14,3.89,11.16,10.46,0.7,73.23,30.34,0.62,84.88,91.24
Cream buns,215.74,14.16,4.45,15.81,5.95,0.31,45.49,45.27,0.5,0.33,9.28
Potato aigrettes,530.03,8.01,2.35,54.24,0.73,0.45,112.45,9.2,0.45,1.16,3.35
Cream horns,408.23,23.12,3.42,33.55,7.12,0.6,57.11,30.93,0.44,0.5,8.8
Vegetable patties ,261.92,20.98,4.01,17.74,1.49,2.62,139.52,18.96,0.87,13.92,22.85
Pearl millet infant food (Bajra shishu aahaar),362.44,62.1,11.98,6.62,26.06,7.84,12.67,118.52,5.67,0.0,24.14
Sajina,345.26,66.87,10.81,3.03,25.89,7.62,11.7,54.4,5.39,0.0,20.4
Cereal mix ,120.81,21.84,3.32,2.02,10.68,2.03,9.29,21.4,1.18,0.62,23.98
Pulse mix,83.29,16.0,3.16,0.54,6.59,2.25,3.88,14.93,1.29,0.0,24.23
Shishu ahar,93.37,17.42,2.61,1.43,6.61,1.02,2.68,13.78,1.02,0.0,17.34
Cereal pulse mix with amylase rice flour,151.57,27.8,4.27,2.74,8.84,3.47,1.03,12.61,1.19,0.0,18.71
Banana groundnut paste/puree,213.19,36.15,4.27,5.45,31.67,1.7,16.85,74.93,1.9,3.02,20.9
Rice dal porridge (Chawal dal ki khichdi/khichri),383.33,65.04,10.8,8.33,26.54,4.51,12.33,50.46,2.76,0.0,11.87
Lentils and semolina porridge (Dal suji porridge/daliya),117.29,23.19,3.26,1.06,13.84,1.44,9.64,44.74,1.22,0.8,21.48
Spinach khichri (Palak khichri/khichdi),102.18,17.35,3.43,1.91,0.21,1.56,69.59,10.43,0.65,3.03,28.15
Vegetable mix,174.21,36.02,4.7,0.94,27.36,1.93,34.94,90.06,2.27,8.48,36.84
Lentils and wheat porridge (Dal wheat porridge/daliya ),52.54,8.36,2.71,0.94,0.92,1.28,62.79,26.28,0.52,0.6,11.32
Maize porridge,89.57,15.64,2.14,1.89,7.69,1.68,5.59,17.02,1.11,3.03,23.98
Spinach peanut burfi (Palak aur mungfali ki burfi),105.37,13.59,3.36,4.39,11.5,2.07,19.52,40.95,1.61,30.28,164.72
Split bengal gram burfi/fudge (Channa dal burfi),287.36,54.63,4.65,7.09,43.38,2.06,2.53,16.44,0.62,0.6,24.28
Chickpea flour cookies (Sweet besan rounds/cookies),207.01,39.64,4.29,3.42,30.66,2.56,22.29,54.95,2.16,0.39,10.0
Pearl millet mathri (Bajra mathri),785.08,7.42,1.82,83.12,0.16,1.36,33.17,4.63,0.72,0.0,16.09
Fermented bengal gram vada (Khameerikrit/Ufna hua channa dal ka vada),657.57,8.68,4.05,67.19,0.35,2.65,63.87,20.5,1.38,3.95,38.78
Poshtik namak paras,613.39,19.52,6.49,56.58,0.87,4.55,44.01,60.74,2.03,0.38,6.09
Soya chikki,423.7,62.89,7.18,15.51,45.47,3.55,17.24,81.25,4.47,0.0,36.21
Wheat flour and nuts ladoos (Atta nuts ladoos),391.9,44.31,9.46,19.19,15.94,7.3,8.07,127.29,4.01,0.0,13.1
Atta dal burfi ,298.8,40.64,6.66,12.47,21.08,4.08,3.56,17.07,1.56,0.0,9.07
Poshtik khichdi/khichri,93.37,15.64,3.04,1.88,0.26,2.0,41.67,30.41,1.0,25.77,65.43
Poshtik chilla/cheela,159.53,27.47,4.85,3.04,1.22,4.91,97.18,18.18,2.1,0.58,11.79
Cauliflower potato canjee,16.79,2.63,0.57,0.39,0.13,0.69,35.58,6.78,0.28,15.57,14.43
Mango milkshake with ice cream (Aam milkshake ice cream ke saath),68.35,9.18,1.93,2.8,9.11,0.23,16.64,69.36,0.15,16.96,46.37
Pineapple milkshake with ice cream (Ananas milkshake ice cream ke saath),68.49,9.33,1.93,2.75,9.2,0.42,16.65,68.78,0.12,18.32,20.84
Orange milkshake with ice cream (Narangi milkshake ice cream ke saath),67.82,9.15,1.95,2.75,9.0,0.16,16.65,69.8,0.19,20.86,21.34
Woodapple juice (Bel ka sharbat),34.18,6.51,0.63,0.7,5.75,1.03,127.45,11.85,0.12,18.36,5.65
Sattu drink,23.38,5.16,0.56,0.14,3.96,0.4,12.65,1.59,0.17,0.0,25.48
Apple and honey sorbet (Seb aur shehad ka sharbat),121.3,30.74,0.15,0.29,29.18,1.13,1.97,9.11,0.18,5.08,2.68
Thandai,101.18,9.13,3.59,5.89,8.21,0.8,22.69,112.31,0.6,3.66,18.19
Cucumber sharbat (Kheere ka sharbat),27.28,6.64,0.26,0.06,5.46,0.78,2.57,6.49,0.18,9.16,25.26
Apple oats chia seed smoothie,85.64,13.07,3.49,2.48,5.76,1.44,32.02,88.89,0.5,5.39,71.4
Nannari sharbat,88.79,23.62,0.01,0.01,23.58,0.0,1.16,2.67,0.05,9.92,2.29
Semolina milk drink (Thari kanji),44.16,6.93,0.98,1.36,3.88,0.72,11.95,8.26,0.36,6.58,11.86
Saffron milk (Kesariya doodh),102.18,12.64,3.17,4.57,12.5,0.14,23.69,110.88,0.21,4.84,17.96
Black rice kheer (Chak-hao kheer),147.94,22.93,4.37,4.91,12.57,0.76,25.77,94.89,0.46,3.22,11.25
Coconut kheer (Nariyal ki kheer),162.61,14.42,3.4,10.55,13.73,1.53,45.97,89.52,0.53,12.21,49.34
Apple sago payasam (Seb aur sabudana ki kheer),136.5,14.4,3.13,7.66,10.63,0.38,39.45,102.11,0.31,5.88,21.45
Kesari bath,244.57,31.38,2.4,12.59,20.16,1.65,1.7,7.7,0.69,0.0,8.55
Putharekulu,318.3,59.61,3.66,7.55,23.86,1.75,2.67,6.11,0.38,0.0,2.44
Mango malpua,334.64,12.84,1.65,30.67,4.96,2.08,1.89,10.64,0.7,38.05,110.67
Mango vanilla custard,147.63,18.41,3.43,7.04,14.62,0.99,30.12,84.86,0.58,16.05,49.19
Kiwi granola pudding,280.99,32.33,5.6,15.36,15.08,3.71,59.21,62.2,1.45,65.34,207.15
Oats burfi,425.19,62.47,8.89,17.27,32.93,4.96,8.15,128.58,2.46,0.06,17.81
Lotus seed halwa (Kamal gattay ka halwa),370.55,39.56,7.79,20.69,9.8,0.42,3.06,82.84,1.8,0.06,179.08
Amaranth ladoo (Rajgira ladoo),454.15,51.33,10.12,22.7,19.92,5.11,7.51,144.58,6.47,0.03,9.52
Chhena poda,344.57,33.64,13.68,17.94,30.65,1.4,13.0,295.29,1.41,0.09,42.67
Sweet couscous dessert,196.2,29.69,3.81,7.69,15.89,2.18,4.22,30.94,0.84,34.1,29.16
Sweetened yogurt (Shrikhand),107.18,16.02,5.27,2.89,15.81,0.08,73.61,183.02,0.17,2.79,50.44
Thickened sweetened milk (Rabri),102.79,10.55,3.52,5.35,10.09,0.19,23.92,111.87,0.29,4.09,16.31
Gram flour halwa (Besan halwa),276.79,25.78,5.88,17.3,15.83,1.82,15.4,77.42,0.67,1.66,51.61
Kidney bean sandwich with cottage cheese,176.64,18.86,9.85,6.84,3.69,3.66,97.97,166.63,1.64,5.33,213.8
Finger millet biscuit (Ragi biscuit),458.56,52.69,4.03,25.79,16.9,5.97,98.24,207.04,2.54,0.0,13.87
Lemon cookies,394.48,42.19,5.63,23.02,23.47,0.78,84.71,72.04,0.69,1.5,10.76
Raspberry shortbread cookies,441.12,61.25,3.0,21.25,40.86,0.75,6.06,13.81,0.6,0.01,1.66
Pumpkin cookies ,218.4,44.69,2.51,3.93,31.62,1.06,51.49,19.36,0.52,1.26,7.8
Cardamom cookies (Elaichi cookies),400.49,53.99,5.1,19.12,38.99,2.79,98.45,25.21,1.41,0.0,34.95
Hazelnut cookies,493.32,39.44,6.25,34.97,22.01,2.45,81.06,47.43,1.29,0.0,19.45
Cranberry cookies,272.48,36.39,3.92,12.66,19.96,1.13,58.25,36.16,0.71,5.52,17.21
Olive biscuit,438.29,55.01,3.2,23.75,32.27,0.82,120.1,10.76,1.37,0.0,2.28
Tutti fruitti biscuit,420.78,53.12,5.21,17.9,15.75,5.43,93.11,23.81,1.96,0.0,15.19
Peach blueberry preserves,177.38,45.76,0.53,0.2,45.33,1.14,2.81,9.03,0.33,16.56,16.68
Pear preserves (Naashpati ka murabba),101.24,25.67,0.25,0.19,25.19,3.06,2.1,6.57,0.23,15.65,21.93
Starfruit preserves ,128.93,33.62,0.24,0.12,33.47,0.78,2.06,5.24,0.2,17.65,4.32
Gooseberry pickle (Amla ka achaar),278.58,7.61,1.55,27.61,0.36,3.7,86.38,31.17,1.04,4.85,2.09
Date pickle (Khajoor ka achaar),182.29,34.66,1.68,4.21,30.47,5.2,138.86,41.49,1.96,3.46,15.77
Sweet peach pickle (Aadoo ka achaar),144.64,37.01,0.46,0.2,36.46,1.32,33.04,11.99,0.33,7.36,8.5
Pickled cabbage ,13.69,2.56,0.39,0.14,2.08,0.61,121.39,15.96,0.19,16.63,23.56
Mango murabba candy,293.35,77.32,0.27,0.05,74.73,0.95,13.71,16.55,0.33,19.85,5.7
Afghani chicken,151.51,1.95,15.66,9.07,0.83,0.31,87.02,35.14,1.04,3.54,20.52
Fish orly,563.7,4.27,5.87,58.18,0.24,0.33,136.37,9.55,0.31,1.35,12.83
Hariyali Fish Tikka,150.24,2.21,14.01,9.41,0.83,0.99,100.45,34.86,0.83,11.11,26.78
Handi chicken,166.02,1.49,12.32,12.46,0.75,0.67,75.64,26.85,0.93,1.47,20.46
Lemon chicken,169.79,0.55,20.2,9.66,0.16,0.16,79.93,17.4,0.95,8.94,31.21
Cabbage manchurian (Pattagobhi manchurian),224.26,4.85,0.64,22.48,0.33,0.37,75.02,3.18,0.2,28.39,30.24
Gobi 65,278.29,3.59,0.56,29.11,0.29,0.57,69.22,12.37,0.3,27.52,37.66
Roasted cauliflower steak,78.68,2.02,2.05,6.7,0.44,3.53,120.19,24.47,0.95,47.14,46.0
Sauteed radishes with green beans,94.32,6.04,2.41,6.61,1.78,3.52,65.1,40.2,1.01,6.55,45.89
Dates chutney (Khajoor ki chutney),103.57,21.69,1.07,1.12,18.68,3.41,76.77,28.72,1.19,3.41,17.27
Chicken salad,338.19,1.3,15.33,30.26,0.96,2.0,50.62,43.19,1.23,4.92,35.5
Cabbage raita (Pattagobhi raita),84.84,5.25,3.24,5.76,4.21,0.93,125.31,118.49,0.19,28.29,53.73
Masala souffle ,123.51,8.02,6.38,7.37,1.84,1.24,131.14,103.68,0.74,382.64,363.81
Chicken and cheese souffle,182.35,3.47,9.07,14.74,2.46,0.26,120.93,61.71,0.63,2.4,28.77
Tamarind chutney (Chintapandu pachadi/Puli chutney),109.15,25.07,0.88,0.48,22.85,1.65,75.61,40.3,1.95,0.03,0.18
Sago khitchdi/khichri (Sabudana khitchdi/khichri),187.16,22.41,2.72,10.1,1.03,1.82,100.26,15.13,0.86,13.41,34.18
Gram flour chilla/cheela (Besan chilla/cheela),135.93,21.03,7.8,2.85,1.87,4.25,135.57,28.38,2.19,1.73,34.69
Vegetable namkeen jave,112.23,18.98,2.93,2.51,1.04,2.86,32.13,10.32,1.07,12.45,26.26
Moong bean dosa (Pesarattu),285.96,31.91,12.32,11.67,2.9,6.04,61.36,36.44,3.38,1.48,14.32
Rice puttu (Ari puttu),81.98,11.82,1.26,3.13,0.33,0.76,48.28,4.96,0.42,0.0,4.85
Buckwheat pancake (Khura),263.3,27.28,2.91,16.43,0.64,0.56,69.97,11.32,0.69,0.66,3.38
Quinoa khichdi/khichri,64.01,8.83,3.18,1.59,0.69,2.58,69.64,24.59,1.12,9.13,82.57
Khakhra chaat,358.66,16.64,4.52,30.65,3.26,3.04,102.78,24.49,1.26,46.67,312.97
Banana appam,469.81,20.06,1.17,42.53,9.95,0.67,20.14,13.74,0.77,4.03,13.79
Veg manchurian,585.64,6.82,0.89,61.65,0.76,1.16,65.31,16.79,0.31,15.1,26.53
Rice murukku,593.99,33.29,5.41,48.22,0.17,2.18,63.31,24.63,1.7,0.0,8.2
Bhel puri ,509.89,16.47,3.52,47.91,3.41,2.24,93.98,24.22,1.29,31.61,157.03
Spicy corn chaat ,479.8,11.45,4.61,46.55,0.95,2.17,86.5,17.28,0.84,14.1,227.37
Jackfruit fritters (Ponsa mulik/Kathal ka pakora),597.79,24.0,2.34,54.41,11.48,1.5,46.39,24.62,1.15,0.32,2.47
Banana chips (Kele ke chips),665.67,7.32,0.37,70.46,4.37,0.65,86.87,2.01,0.19,4.03,8.97
Wheat cake,314.63,41.13,4.79,14.95,25.79,2.76,82.96,98.91,1.08,0.76,7.6
Mango cheesecake,152.46,20.06,2.39,7.3,15.36,1.14,107.12,55.1,0.53,24.93,68.68
Semolina cake (Suji/Rava cake),374.14,31.32,6.58,25.18,18.86,5.37,91.36,128.28,1.36,0.94,9.42
Finger millet cake (Ragi cake),279.46,38.93,3.96,12.27,24.76,2.35,98.26,118.38,1.35,0.76,11.41
Honey cake,333.59,49.04,3.08,14.7,33.43,0.51,72.55,50.86,0.46,0.53,10.06
Tutti frutti cake,347.72,52.94,4.49,12.68,28.08,0.85,106.36,61.41,0.62,1.9,76.45
Whey soup,68.91,6.26,3.45,3.34,5.87,0.84,87.08,164.92,0.55,2.55,33.72
Bottle gourd soup (Ghiya/Lauki soup),23.05,1.16,0.45,1.79,0.39,0.96,53.81,15.14,0.26,6.0,52.73
Pumpkin soup,40.05,2.08,0.47,3.2,1.47,1.19,45.5,12.17,0.19,11.5,35.73
Sweet corn soup,32.25,3.56,0.99,1.63,0.9,0.31,22.35,3.72,0.41,10.33,50.13
Paneer soup,47.85,2.42,3.22,2.8,1.98,0.28,68.03,82.76,0.3,7.59,106.5
Dal makhani,74.04,7.96,3.32,3.06,0.8,2.27,41.85,20.62,1.23,9.19,75.16
Dalma,118.93,15.04,4.91,4.58,3.1,2.16,49.35,54.28,2.1,36.63,137.41
Split bengal gram dal (Channa dal),99.67,9.99,4.15,4.62,0.98,3.72,46.4,21.99,1.92,13.38,103.45
Horsegram dal (Kulthi dal) ,55.65,8.21,2.91,1.13,0.72,1.52,63.63,38.22,1.3,13.98,86.1
Panchmel dal,111.22,10.71,4.63,5.36,0.75,3.2,79.46,23.05,1.42,8.49,79.58
Dal dhokli,68.74,8.55,2.96,2.47,1.12,1.86,37.53,14.54,0.79,2.77,45.31
Sev (Omapodi/Karapusa),609.14,12.87,5.12,60.08,0.53,2.35,53.19,13.95,0.72,0.0,59.29
Papdi,708.96,12.89,1.83,72.11,0.31,0.56,28.91,6.06,0.44,0.04,5.01
Jowar dosa,294.35,40.53,8.5,10.28,0.59,5.56,97.25,19.46,2.03,0.0,9.63
Bread roll,435.46,16.12,2.85,40.25,0.94,1.45,139.34,44.83,0.71,6.79,15.69
Soya seekh kebab,115.05,10.0,5.4,5.88,0.51,2.24,92.25,15.67,1.26,8.56,14.38
Maa chaane ki dal,344.67,43.11,19.8,9.5,1.05,13.45,43.31,68.65,5.97,1.43,102.41
Garlic chickpea soup (Lahasun aur chane ka shoraba),89.53,13.92,4.45,2.01,2.65,2.84,79.73,13.93,0.96,13.24,380.59
White sauce (thin),115.17,6.58,3.31,8.41,4.58,0.07,23.91,110.2,0.19,,
White sauce (medium),151.27,7.98,3.36,11.76,4.32,0.14,22.59,103.53,0.22,,
White sauce (thick),209.69,10.24,3.43,17.19,3.9,0.24,20.45,92.74,0.27,,
Egg sauce,146.85,5.88,5.97,11.08,3.19,0.12,51.54,89.49,0.65,,
Mushroom sauce,137.56,7.31,3.39,10.51,3.86,0.47,20.94,94.1,0.22,,
Mustard sauce,158.58,8.29,3.98,12.17,4.22,0.13,22.16,109.03,0.44,,
Classic italian pasta,42.12,4.4,0.57,2.45,2.94,1.36,49.04,19.55,0.41,,
Pasta spinach sauce,85.46,1.76,1.76,7.9,1.04,0.86,115.79,58.57,1.23,,
Short crust pastry,422.1,44.72,6.11,23.98,3.18,1.58,97.2,16.9,1.02,,
Choux pastry,222.37,16.2,5.55,14.96,1.5,0.56,132.28,19.43,0.83,,
Sponge cake ,253.77,44.63,9.18,4.74,26.33,0.69,64.61,30.22,1.47,,
Glace icing,323.51,86.31,0.01,0.01,85.35,0.0,9.88,1.95,0.41,,
Royal icing,332.58,86.53,1.74,0.02,85.57,0.0,36.5,2.87,0.42,,
American frosting,257.57,67.48,1.05,0.01,67.46,0.0,19.33,7.05,0.14,,
Gum icing,223.07,53.19,5.94,0.0,52.63,0.0,29.32,18.62,0.4,,
Cracked wheat and green gram dal premix (Dalia moong dal premix),362.16,64.75,15.89,5.11,0.63,11.66,3.25,49.03,4.28,,
Spinach soup in milk ,56.72,3.98,2.89,3.2,3.34,0.79,31.16,106.1,1.08,,
Mashed banana with milk,95.43,14.62,2.51,2.99,11.35,0.71,16.99,78.64,0.23,,
Sweet wheat porridge (Sweet dalia),140.66,23.77,5.11,2.79,12.23,2.37,24.63,99.18,1.98,,
Moong dal mixture,158.84,33.93,4.62,1.0,24.68,1.9,29.6,70.53,1.25,,
Stewed apple,91.93,22.49,0.17,0.37,20.45,1.48,1.53,9.25,0.18,,
Lemon squash (Nimbu ka squash),184.56,48.88,0.15,0.06,48.88,0.0,15.01,9.85,0.18,,
Orange squash (Santre ka squash),193.26,50.88,0.22,0.04,50.56,0.4,14.85,10.62,0.34,,
Lichi squash,198.33,51.96,0.3,0.08,51.31,0.41,14.56,6.39,0.34,,
Mango squash (Aam ka squash),194.66,50.96,0.17,0.17,50.84,0.58,14.81,9.47,0.25,,
Pineapple squash (Ananas ka squash),195.02,51.34,0.16,0.05,51.08,1.06,14.84,7.96,0.18,,
Lemon and ginger squash (Nimbu aur adrak ka squash),170.34,44.06,0.54,0.21,42.53,1.07,16.19,11.18,0.52,,
Apple jam (Seb ka murabba),188.79,48.56,0.14,0.32,46.76,1.29,2.71,10.84,0.21,,
Plum jam (Aloo bukhara jam),178.89,46.2,0.31,0.19,45.25,1.0,2.67,7.5,0.2,,
Pineapple jam ,149.18,38.27,0.32,0.15,37.44,2.2,2.45,10.47,0.24,,
Guava jelly (Amrood ki jelly),115.74,28.18,1.11,0.25,27.38,6.61,3.36,16.55,0.29,,
Orange marmalade (Santray ka murabba),104.17,25.94,0.66,0.13,25.09,1.97,2.31,17.59,0.63,,
Carrot murabba (Gajar ka murabba),175.24,45.6,0.32,0.16,44.83,1.39,19.53,15.86,0.28,,
Ginger candy (Adrak ki candy),195.71,50.38,0.69,0.27,47.99,1.67,5.4,10.43,0.68,,
Garam masala,254.21,26.2,9.89,10.97,1.79,35.56,58.33,609.77,14.51,,
Rasam powder (Rasam masala),267.96,25.19,12.04,11.8,1.91,35.71,38.78,562.15,14.72,,
Sambar powder (Sambar masala),297.46,23.38,12.5,15.58,1.87,34.56,27.66,439.95,12.63,,
Bread sauce,111.04,8.69,3.46,7.05,4.63,0.56,88.84,110.72,0.31,,
Dal moong,43.69,4.92,2.2,1.62,0.13,1.08,117.74,7.69,0.52,,
Onion tomato baghar (Pyaaz tamatar ka tadka),137.52,6.17,1.26,11.98,3.51,2.12,31.33,20.45,0.63,,
Mustard seeds baghar (Mustard seed tadka),552.59,10.45,4.73,54.3,1.14,9.74,8.9,182.93,4.14,,
Hot cherry sauce,252.74,67.95,0.13,0.07,17.65,0.0,105.81,24.82,0.45,,
Apple jelly (Seb ki jelly),152.13,39.37,0.1,0.21,38.18,0.86,2.14,7.89,0.15,,
Marmalade (Murabba),143.76,37.64,0.23,0.04,37.29,0.43,2.16,9.84,0.34,,
Plum squash (Aloo bukhara squash),211.17,55.51,0.16,0.1,55.02,0.52,12.71,6.9,0.16,,
Bengal 5 Spice Blend (Panch Phoran),289.79,20.0,18.26,22.16,1.4,18.4,51.43,523.0,13.37,,
